Method, Sample size, Valid configs, Defective configs, Visit configs, Evaluated configs, Time (s)
"UCT MCTS (sc:iters=1, ew=0.5)", 2340, 23, 11, 40, 23, 0.31914567947387695, 
"UCT MCTS (sc:iters=1, ew=0.5)", 2340, 46, 23, 78, 46, 0.25235486030578613, 
"UCT MCTS (sc:iters=1, ew=0.5)", 2340, 80, 42, 132, 80, 0.381183385848999, 
"UCT MCTS (sc:iters=1, ew=0.5)", 2340, 99, 50, 172, 99, 0.31020355224609375, 
"UCT MCTS (sc:iters=1, ew=0.5)", 2340, 118, 62, 210, 118, 0.259335994720459, 
"UCT MCTS (sc:iters=1, ew=0.5)", 2340, 131, 65, 248, 131, 0.24537038803100586, 
"UCT MCTS (sc:iters=1, ew=0.5)", 2340, 152, 72, 300, 152, 0.4637322425842285, 
"UCT MCTS (sc:iters=1, ew=0.5)", 2340, 183, 92, 354, 183, 0.4627203941345215, 
"UCT MCTS (sc:iters=1, ew=0.5)", 2340, 215, 102, 410, 215, 0.49614405632019043, 
"UCT MCTS (sc:iters=1, ew=0.5)", 2340, 222, 106, 450, 222, 0.29121971130371094, 
"UCT MCTS (sc:iters=1, ew=0.5)", 2340, 233, 110, 504, 233, 0.41289424896240234, 
"UCT MCTS (sc:iters=1, ew=0.5)", 2340, 243, 118, 544, 243, 0.24733567237854004, 
"UCT MCTS (sc:iters=1, ew=0.5)", 2340, 264, 127, 596, 264, 0.3889601230621338, 
"UCT MCTS (sc:iters=1, ew=0.5)", 2340, 285, 134, 636, 285, 0.23836374282836914, 
"UCT MCTS (sc:iters=1, ew=0.5)", 2340, 290, 136, 674, 290, 0.23620963096618652, 
"UCT MCTS (sc:iters=1, ew=0.5)", 2340, 307, 145, 726, 307, 0.36202478408813477, 
"UCT MCTS (sc:iters=1, ew=0.5)", 2340, 319, 154, 778, 319, 0.36601829528808594, 
"UCT MCTS (sc:iters=1, ew=0.5)", 2340, 334, 164, 832, 334, 0.44188666343688965, 
"UCT MCTS (sc:iters=1, ew=0.5)", 2340, 353, 175, 886, 353, 0.4548356533050537, 
"UCT MCTS (sc:iters=1, ew=0.5)", 2340, 368, 187, 940, 368, 0.464785099029541, 
"UCT MCTS (sc:iters=1, ew=0.5)", 2340, 379, 194, 978, 379, 0.21146345138549805, 
"UCT MCTS (sc:iters=1, ew=0.5)", 2340, 389, 197, 1034, 389, 0.3560473918914795, 
"UCT MCTS (sc:iters=1, ew=0.5)", 2340, 403, 206, 1074, 403, 0.2563169002532959, 
"UCT MCTS (sc:iters=1, ew=0.5)", 2340, 412, 214, 1114, 412, 0.3211405277252197, 
"UCT MCTS (sc:iters=1, ew=0.5)", 2340, 429, 225, 1168, 429, 0.4398510456085205, 
"UCT MCTS (sc:iters=1, ew=0.5)", 2340, 433, 226, 1208, 433, 0.2842414379119873, 
"UCT MCTS (sc:iters=1, ew=0.5)", 2340, 455, 239, 1262, 455, 0.44289207458496094, 
"UCT MCTS (sc:iters=1, ew=0.5)", 2340, 468, 247, 1308, 468, 0.3730020523071289, 
"UCT MCTS (sc:iters=1, ew=0.5)", 2340, 472, 247, 1360, 472, 0.3651549816131592, 
"UCT MCTS (sc:iters=1, ew=0.5)", 2340, 482, 249, 1416, 482, 0.4507923126220703, 
"UCT MCTS (sc:iters=1, ew=0.5)", 2340, 488, 251, 1468, 488, 0.3480713367462158, 
"UCT MCTS (sc:iters=1, ew=0.5)", 2340, 495, 252, 1508, 495, 0.30518627166748047, 
"UCT MCTS (sc:iters=1, ew=0.5)", 2340, 505, 256, 1560, 505, 0.3690061569213867, 
"UCT MCTS (sc:iters=1, ew=0.5)", 2340, 509, 258, 1600, 509, 0.33510613441467285, 
"UCT MCTS (sc:iters=1, ew=0.5)", 2340, 518, 262, 1640, 518, 0.2991657257080078, 
"UCT MCTS (sc:iters=1, ew=0.5)", 2340, 526, 265, 1696, 526, 0.4358377456665039, 
"UCT MCTS (sc:iters=1, ew=0.5)", 2340, 530, 266, 1736, 530, 0.3450801372528076, 
"UCT MCTS (sc:iters=1, ew=0.5)", 2340, 542, 273, 1774, 542, 0.27493977546691895, 
"UCT MCTS (sc:iters=1, ew=0.5)", 2340, 555, 279, 1828, 555, 0.4397909641265869, 
"UCT MCTS (sc:iters=1, ew=0.5)", 2340, 569, 284, 1868, 569, 0.22739148139953613, 
"UCT MCTS (sc:iters=1, ew=0.5)", 2340, 576, 287, 1908, 576, 0.31159186363220215, 
"UCT MCTS (sc:iters=1, ew=0.5)", 2340, 585, 290, 1948, 585, 0.3401772975921631, 
"UCT MCTS (sc:iters=1, ew=0.5)", 2340, 593, 294, 1988, 593, 0.2991979122161865, 
"UCT MCTS (sc:iters=1, ew=0.5)", 2340, 598, 297, 2026, 598, 0.27623438835144043, 
"UCT MCTS (sc:iters=1, ew=0.5)", 2340, 602, 300, 2066, 602, 0.32315897941589355, 
"UCT MCTS (sc:iters=1, ew=0.5)", 2340, 607, 302, 2106, 607, 0.2544553279876709, 
"UCT MCTS (sc:iters=1, ew=0.5)", 2340, 614, 307, 2144, 614, 0.24237751960754395, 
"UCT MCTS (sc:iters=1, ew=0.5)", 2340, 618, 310, 2182, 618, 0.2603030204772949, 
"UCT MCTS (sc:iters=1, ew=0.5)", 2340, 620, 312, 2222, 620, 0.30318570137023926, 
"UCT MCTS (sc:iters=1, ew=0.5)", 2340, 627, 315, 2260, 627, 0.27326321601867676, 
"UCT MCTS (sc:iters=1, ew=0.5)", 2340, 631, 318, 2298, 631, 0.25531911849975586, 
"UCT MCTS (sc:iters=1, ew=0.5)", 2340, 637, 319, 2338, 637, 0.26129674911499023, 
"UCT MCTS (sc:iters=1, ew=0.5)", 2340, 643, 322, 2378, 643, 0.3191511631011963, 
"UCT MCTS (sc:iters=1, ew=0.5)", 2340, 653, 326, 2416, 653, 0.2882258892059326, 
"UCT MCTS (sc:iters=1, ew=0.5)", 2340, 655, 326, 2456, 655, 0.27230048179626465, 
"UCT MCTS (sc:iters=1, ew=0.5)", 2340, 660, 329, 2496, 660, 0.28630709648132324, 
"UCT MCTS (sc:iters=1, ew=0.5)", 2340, 666, 332, 2548, 666, 0.35262036323547363, 
"UCT MCTS (sc:iters=1, ew=0.5)", 2340, 678, 340, 2586, 678, 0.22938227653503418, 
"UCT MCTS (sc:iters=1, ew=0.5)", 2340, 680, 340, 2624, 680, 0.2800891399383545, 
"UCT MCTS (sc:iters=1, ew=0.5)", 2340, 686, 343, 2664, 686, 0.3160521984100342, 
"UCT MCTS (sc:iters=1, ew=0.5)", 2340, 692, 347, 2704, 692, 0.2991025447845459, 
"UCT MCTS (sc:iters=1, ew=0.5)", 2340, 700, 350, 2742, 700, 0.2515897750854492, 
"UCT MCTS (sc:iters=1, ew=0.5)", 2340, 704, 353, 2794, 704, 0.34160876274108887, 
"UCT MCTS (sc:iters=1, ew=0.5)", 2340, 708, 353, 2832, 708, 0.2877631187438965, 
"UCT MCTS (sc:iters=1, ew=0.5)", 2340, 718, 357, 2886, 718, 0.4319303035736084, 
"UCT MCTS (sc:iters=1, ew=0.5)", 2340, 740, 367, 2940, 740, 0.45979976654052734, 
"UCT MCTS (sc:iters=1, ew=0.5)", 2340, 747, 369, 2978, 747, 0.2514338493347168, 
"UCT MCTS (sc:iters=1, ew=0.5)", 2340, 760, 375, 3016, 760, 0.2539784908294678, 
"UCT MCTS (sc:iters=1, ew=0.5)", 2340, 765, 378, 3054, 765, 0.2593080997467041, 
"UCT MCTS (sc:iters=1, ew=0.5)", 2340, 767, 378, 3094, 767, 0.32213830947875977, 
"UCT MCTS (sc:iters=1, ew=0.5)", 2340, 777, 385, 3144, 777, 0.31119608879089355, 
"UCT MCTS (sc:iters=1, ew=0.5)", 2340, 785, 388, 3182, 785, 0.26734280586242676, 
"UCT MCTS (sc:iters=1, ew=0.5)", 2340, 787, 389, 3220, 787, 0.2403571605682373, 
"UCT MCTS (sc:iters=1, ew=0.5)", 2340, 790, 391, 3260, 790, 0.3201432228088379, 
"UCT MCTS (sc:iters=1, ew=0.5)", 2340, 795, 395, 3300, 795, 0.2732970714569092, 
"UCT MCTS (sc:iters=1, ew=0.5)", 2340, 799, 397, 3340, 799, 0.2855520248413086, 
"UCT MCTS (sc:iters=1, ew=0.5)", 2340, 804, 399, 3392, 804, 0.3037736415863037, 
"UCT MCTS (sc:iters=1, ew=0.5)", 2340, 809, 402, 3428, 809, 0.3141450881958008, 
"UCT MCTS (sc:iters=1, ew=0.5)", 2340, 812, 402, 3482, 812, 0.3540794849395752, 
"UCT MCTS (sc:iters=1, ew=0.5)", 2340, 816, 403, 3522, 816, 0.2965056896209717, 
"UCT MCTS (sc:iters=1, ew=0.5)", 2340, 818, 405, 3574, 818, 0.42190098762512207, 
"UCT MCTS (sc:iters=1, ew=0.5)", 2340, 821, 408, 3624, 821, 0.31618213653564453, 
"UCT MCTS (sc:iters=1, ew=0.5)", 2340, 833, 409, 3680, 833, 0.46581101417541504, 
"UCT MCTS (sc:iters=1, ew=0.5)", 2340, 838, 412, 3718, 838, 0.3002023696899414, 
"UCT MCTS (sc:iters=1, ew=0.5)", 2340, 845, 417, 3772, 845, 0.3061792850494385, 
"UCT MCTS (sc:iters=1, ew=0.5)", 2340, 847, 419, 3812, 847, 0.28324222564697266, 
"UCT MCTS (sc:iters=1, ew=0.5)", 2340, 850, 421, 3852, 850, 0.33214712142944336, 
"UCT MCTS (sc:iters=1, ew=0.5)", 2340, 852, 423, 3892, 852, 0.24665236473083496, 
"UCT MCTS (sc:iters=1, ew=0.5)", 2340, 856, 425, 3930, 856, 0.2553231716156006, 
"UCT MCTS (sc:iters=1, ew=0.5)", 2340, 864, 427, 3970, 864, 0.3231337070465088, 
"UCT MCTS (sc:iters=1, ew=0.5)", 2340, 867, 427, 4024, 867, 0.3760228157043457, 
"UCT MCTS (sc:iters=1, ew=0.5)", 2340, 874, 428, 4062, 874, 0.25332045555114746, 
"UCT MCTS (sc:iters=1, ew=0.5)", 2340, 877, 429, 4116, 877, 0.3421154022216797, 
"UCT MCTS (sc:iters=1, ew=0.5)", 2340, 879, 429, 4156, 879, 0.3132669925689697, 
"UCT MCTS (sc:iters=1, ew=0.5)", 2340, 882, 430, 4194, 882, 0.25232410430908203, 
"UCT MCTS (sc:iters=1, ew=0.5)", 2340, 884, 432, 4246, 884, 0.31333208084106445, 
"UCT MCTS (sc:iters=1, ew=0.5)", 2340, 892, 432, 4298, 892, 0.43384313583374023, 
"UCT MCTS (sc:iters=1, ew=0.5)", 2340, 897, 436, 4336, 897, 0.2543220520019531, 
"UCT MCTS (sc:iters=1, ew=0.5)", 2340, 903, 439, 4374, 903, 0.24737143516540527, 
"UCT MCTS (sc:iters=1, ew=0.5)", 2340, 904, 440, 4426, 904, 0.4078805446624756, 
"UCT MCTS (sc:iters=1, ew=0.5)", 2340, 913, 444, 4464, 913, 0.27228212356567383, 
"UCT MCTS (sc:iters=1, ew=0.5)", 2340, 922, 447, 4504, 922, 0.32117533683776855, 
"UCT MCTS (sc:iters=1, ew=0.5)", 2340, 926, 448, 4542, 926, 0.2703721523284912, 
"UCT MCTS (sc:iters=1, ew=0.5)", 2340, 930, 450, 4582, 930, 0.28631138801574707, 
"UCT MCTS (sc:iters=1, ew=0.5)", 2340, 938, 452, 4622, 938, 0.32221126556396484, 
"UCT MCTS (sc:iters=1, ew=0.5)", 2340, 958, 457, 4678, 958, 0.48982810974121094, 
"UCT MCTS (sc:iters=1, ew=0.5)", 2340, 961, 458, 4716, 961, 0.2672851085662842, 
"UCT MCTS (sc:iters=1, ew=0.5)", 2340, 966, 458, 4756, 966, 0.2465810775756836, 
"UCT MCTS (sc:iters=1, ew=0.5)", 2340, 971, 460, 4808, 971, 0.4238626956939697, 
"UCT MCTS (sc:iters=1, ew=0.5)", 2340, 974, 461, 4848, 974, 0.27320051193237305, 
"UCT MCTS (sc:iters=1, ew=0.5)", 2340, 991, 467, 4902, 991, 0.4258615970611572, 
"UCT MCTS (sc:iters=1, ew=0.5)", 2340, 1002, 471, 4958, 1002, 0.4996352195739746, 
"UCT MCTS (sc:iters=1, ew=0.5)", 2340, 1004, 472, 5010, 1004, 0.3335449695587158, 
"UCT MCTS (sc:iters=1, ew=0.5)", 2340, 1006, 473, 5050, 1006, 0.2962031364440918, 
"UCT MCTS (sc:iters=1, ew=0.5)", 2340, 1017, 479, 5102, 1017, 0.4594724178314209, 
"UCT MCTS (sc:iters=1, ew=0.5)", 2340, 1020, 479, 5142, 1020, 0.32377147674560547, 
"UCT MCTS (sc:iters=1, ew=0.5)", 2340, 1029, 485, 5180, 1029, 0.23337531089782715, 
"UCT MCTS (sc:iters=1, ew=0.5)", 2340, 1031, 485, 5220, 1031, 0.2663154602050781, 
"UCT MCTS (sc:iters=1, ew=0.5)", 2340, 1034, 486, 5260, 1034, 0.3291473388671875, 
"UCT MCTS (sc:iters=1, ew=0.5)", 2340, 1037, 488, 5300, 1037, 0.28623437881469727, 
"UCT MCTS (sc:iters=1, ew=0.5)", 2340, 1041, 490, 5340, 1041, 0.26031041145324707, 
"UCT MCTS (sc:iters=1, ew=0.5)", 2340, 1046, 491, 5378, 1046, 0.27083468437194824, 
"UCT MCTS (sc:iters=1, ew=0.5)", 2340, 1048, 492, 5432, 1048, 0.3615255355834961, 
"UCT MCTS (sc:iters=1, ew=0.5)", 2340, 1053, 493, 5484, 1053, 0.4448094367980957, 
"UCT MCTS (sc:iters=1, ew=0.5)", 2340, 1064, 496, 5538, 1064, 0.46774840354919434, 
"UCT MCTS (sc:iters=1, ew=0.5)", 2340, 1070, 500, 5578, 1070, 0.3361063003540039, 
"UCT MCTS (sc:iters=1, ew=0.5)", 2340, 1072, 500, 5616, 1072, 0.3371262550354004, 
"UCT MCTS (sc:iters=1, ew=0.5)", 2340, 1082, 504, 5668, 1082, 0.3710505962371826, 
"UCT MCTS (sc:iters=1, ew=0.5)", 2340, 1088, 507, 5708, 1088, 0.32712459564208984, 
"UCT MCTS (sc:iters=1, ew=0.5)", 2340, 1090, 509, 5762, 1090, 0.3680129051208496, 
"UCT MCTS (sc:iters=1, ew=0.5)", 2340, 1103, 513, 5818, 1103, 0.4547562599182129, 
"UCT MCTS (sc:iters=1, ew=0.5)", 2340, 1106, 515, 5872, 1106, 0.31914591789245605, 
"UCT MCTS (sc:iters=1, ew=0.5)", 2340, 1110, 515, 5912, 1110, 0.31116509437561035, 
"UCT MCTS (sc:iters=1, ew=0.5)", 2340, 1115, 516, 5950, 1115, 0.2702765464782715, 
"UCT MCTS (sc:iters=1, ew=0.5)", 2340, 1120, 519, 6002, 1120, 0.34865474700927734, 
"UCT MCTS (sc:iters=1, ew=0.5)", 2340, 1121, 519, 6042, 1121, 0.2922184467315674, 
"UCT MCTS (sc:iters=1, ew=0.5)", 2340, 1121, 519, 6082, 1121, 0.26828479766845703, 
"UCT MCTS (sc:iters=1, ew=0.5)", 2340, 1125, 521, 6120, 1125, 0.2543199062347412, 
"UCT MCTS (sc:iters=1, ew=0.5)", 2340, 1128, 523, 6170, 1128, 0.303722620010376, 
"UCT MCTS (sc:iters=1, ew=0.5)", 2340, 1130, 523, 6224, 1130, 0.377988338470459, 
"UCT MCTS (sc:iters=1, ew=0.5)", 2340, 1131, 523, 6264, 1131, 0.279254674911499, 
"UCT MCTS (sc:iters=1, ew=0.5)", 2340, 1134, 523, 6316, 1134, 0.33610057830810547, 
"UCT MCTS (sc:iters=1, ew=0.5)", 2340, 1137, 524, 6356, 1137, 0.2768542766571045, 
"UCT MCTS (sc:iters=1, ew=0.5)", 2340, 1138, 524, 6396, 1138, 0.2782554626464844, 
"UCT MCTS (sc:iters=1, ew=0.5)", 2340, 1141, 525, 6436, 1141, 0.28926658630371094, 
"UCT MCTS (sc:iters=1, ew=0.5)", 2340, 1148, 527, 6486, 1148, 0.4463462829589844, 
"UCT MCTS (sc:iters=1, ew=0.5)", 2340, 1154, 532, 6540, 1154, 0.4384806156158447, 
"UCT MCTS (sc:iters=1, ew=0.5)", 2340, 1159, 536, 6586, 1159, 0.4198760986328125, 
"UCT MCTS (sc:iters=1, ew=0.5)", 2340, 1172, 542, 6638, 1172, 0.4627707004547119, 
"UCT MCTS (sc:iters=1, ew=0.5)", 2340, 1172, 542, 6676, 1172, 0.23318123817443848, 
"UCT MCTS (sc:iters=1, ew=0.5)", 2340, 1175, 544, 6716, 1175, 0.26828670501708984, 
"UCT MCTS (sc:iters=1, ew=0.5)", 2340, 1180, 547, 6754, 1180, 0.23850059509277344, 
"UCT MCTS (sc:iters=1, ew=0.5)", 2340, 1182, 548, 6792, 1182, 0.236053466796875, 
"UCT MCTS (sc:iters=1, ew=0.5)", 2340, 1186, 551, 6844, 1186, 0.32114171981811523, 
"UCT MCTS (sc:iters=1, ew=0.5)", 2340, 1187, 551, 6884, 1187, 0.2722663879394531, 
"UCT MCTS (sc:iters=1, ew=0.5)", 2340, 1188, 551, 6924, 1188, 0.3332362174987793, 
"UCT MCTS (sc:iters=1, ew=0.5)", 2340, 1189, 551, 6962, 1189, 0.2298126220703125, 
"UCT MCTS (sc:iters=1, ew=0.5)", 2340, 1197, 555, 7002, 1197, 0.3121647834777832, 
"UCT MCTS (sc:iters=1, ew=0.5)", 2340, 1198, 556, 7040, 1198, 0.3061807155609131, 
"UCT MCTS (sc:iters=1, ew=0.5)", 2340, 1199, 556, 7080, 1199, 0.3132212162017822, 
"UCT MCTS (sc:iters=1, ew=0.5)", 2340, 1201, 556, 7120, 1201, 0.3081479072570801, 
"UCT MCTS (sc:iters=1, ew=0.5)", 2340, 1203, 557, 7160, 1203, 0.2652897834777832, 
"UCT MCTS (sc:iters=1, ew=0.5)", 2340, 1208, 560, 7198, 1208, 0.2762904167175293, 
"UCT MCTS (sc:iters=1, ew=0.5)", 2340, 1213, 562, 7238, 1213, 0.29247570037841797, 
"UCT MCTS (sc:iters=1, ew=0.5)", 2340, 1215, 563, 7278, 1215, 0.33612895011901855, 
"UCT MCTS (sc:iters=1, ew=0.5)", 2340, 1222, 567, 7318, 1222, 0.2812478542327881, 
"UCT MCTS (sc:iters=1, ew=0.5)", 2340, 1227, 569, 7356, 1227, 0.276289701461792, 
"UCT MCTS (sc:iters=1, ew=0.5)", 2340, 1243, 575, 7412, 1243, 0.4868173599243164, 
"UCT MCTS (sc:iters=1, ew=0.5)", 2340, 1254, 581, 7464, 1254, 0.45079827308654785, 
"UCT MCTS (sc:iters=1, ew=0.5)", 2340, 1256, 582, 7504, 1256, 0.30898356437683105, 
"UCT MCTS (sc:iters=1, ew=0.5)", 2340, 1261, 584, 7554, 1261, 0.3131887912750244, 
"UCT MCTS (sc:iters=1, ew=0.5)", 2340, 1263, 584, 7594, 1263, 0.31418943405151367, 
"UCT MCTS (sc:iters=1, ew=0.5)", 2340, 1270, 584, 7632, 1270, 0.28180956840515137, 
"UCT MCTS (sc:iters=1, ew=0.5)", 2340, 1278, 587, 7686, 1278, 0.4527888298034668, 
"UCT MCTS (sc:iters=1, ew=0.5)", 2340, 1284, 590, 7738, 1284, 0.33911895751953125, 
"UCT MCTS (sc:iters=1, ew=0.5)", 2340, 1286, 590, 7776, 1286, 0.23636817932128906, 
"UCT MCTS (sc:iters=1, ew=0.5)", 2340, 1289, 591, 7814, 1289, 0.2622971534729004, 
"UCT MCTS (sc:iters=1, ew=0.5)", 2340, 1290, 592, 7852, 1290, 0.24038100242614746, 
"UCT MCTS (sc:iters=1, ew=0.5)", 2340, 1292, 593, 7892, 1292, 0.27227163314819336, 
"UCT MCTS (sc:iters=1, ew=0.5)", 2340, 1297, 597, 7946, 1297, 0.43876171112060547, 
"UCT MCTS (sc:iters=1, ew=0.5)", 2340, 1300, 598, 8000, 1300, 0.3490939140319824, 
"UCT MCTS (sc:iters=1, ew=0.5)", 2340, 1300, 598, 8038, 1300, 0.2463390827178955, 
"UCT MCTS (sc:iters=1, ew=0.5)", 2340, 1304, 600, 8076, 1304, 0.29122471809387207, 
"UCT MCTS (sc:iters=1, ew=0.5)", 2340, 1306, 601, 8128, 1306, 0.3101980686187744, 
"UCT MCTS (sc:iters=1, ew=0.5)", 2340, 1308, 602, 8168, 1308, 0.27540159225463867, 
"UCT MCTS (sc:iters=1, ew=0.5)", 2340, 1311, 603, 8206, 1311, 0.28027796745300293, 
"UCT MCTS (sc:iters=1, ew=0.5)", 2340, 1312, 604, 8258, 1312, 0.3261268138885498, 
"UCT MCTS (sc:iters=1, ew=0.5)", 2340, 1318, 606, 8312, 1318, 0.3416576385498047, 
"UCT MCTS (sc:iters=1, ew=0.5)", 2340, 1322, 608, 8352, 1322, 0.32376766204833984, 
"UCT MCTS (sc:iters=1, ew=0.5)", 2340, 1325, 608, 8392, 1325, 0.27227139472961426, 
"UCT MCTS (sc:iters=1, ew=0.5)", 2340, 1329, 609, 8432, 1329, 0.2962508201599121, 
"UCT MCTS (sc:iters=1, ew=0.5)", 2340, 1335, 611, 8486, 1335, 0.3979353904724121, 
"UCT MCTS (sc:iters=1, ew=0.5)", 2340, 1345, 615, 8540, 1345, 0.40993285179138184, 
"UCT MCTS (sc:iters=1, ew=0.5)", 2340, 1349, 618, 8578, 1349, 0.2680363655090332, 
"UCT MCTS (sc:iters=1, ew=0.5)", 2340, 1356, 619, 8618, 1356, 0.2797267436981201, 
"UCT MCTS (sc:iters=1, ew=0.5)", 2340, 1362, 624, 8672, 1362, 0.4498257637023926, 
"UCT MCTS (sc:iters=1, ew=0.5)", 2340, 1371, 627, 8728, 1371, 0.5001533031463623, 
"UCT MCTS (sc:iters=1, ew=0.5)", 2340, 1375, 628, 8766, 1375, 0.27227163314819336, 
"UCT MCTS (sc:iters=1, ew=0.5)", 2340, 1376, 629, 8804, 1376, 0.22266507148742676, 
"UCT MCTS (sc:iters=1, ew=0.5)", 2340, 1379, 630, 8860, 1379, 0.3692595958709717, 
"UCT MCTS (sc:iters=1, ew=0.5)", 2340, 1390, 636, 8914, 1390, 0.46378564834594727, 
"UCT MCTS (sc:iters=1, ew=0.5)", 2340, 1393, 637, 8954, 1393, 0.3065171241760254, 
"UCT MCTS (sc:iters=1, ew=0.5)", 2340, 1396, 638, 8994, 1396, 0.2503025531768799, 
"UCT MCTS (sc:iters=1, ew=0.5)", 2340, 1399, 639, 9046, 1399, 0.32674312591552734, 
"UCT MCTS (sc:iters=1, ew=0.5)", 2340, 1403, 642, 9084, 1403, 0.2433488368988037, 
"UCT MCTS (sc:iters=1, ew=0.5)", 2340, 1405, 644, 9136, 1405, 0.3037543296813965, 
"UCT MCTS (sc:iters=1, ew=0.5)", 2340, 1411, 646, 9174, 1411, 0.26930856704711914, 
"UCT MCTS (sc:iters=1, ew=0.5)", 2340, 1414, 646, 9214, 1414, 0.2918384075164795, 
"UCT MCTS (sc:iters=1, ew=0.5)", 2340, 1416, 647, 9252, 1416, 0.24837207794189453, 
"UCT MCTS (sc:iters=1, ew=0.5)", 2340, 1417, 648, 9290, 1417, 0.30289220809936523, 
"UCT MCTS (sc:iters=1, ew=0.5)", 2340, 1418, 649, 9330, 1418, 0.3092029094696045, 
"UCT MCTS (sc:iters=1, ew=0.5)", 2340, 1421, 651, 9370, 1421, 0.25332045555114746, 
"UCT MCTS (sc:iters=1, ew=0.5)", 2340, 1427, 652, 9408, 1427, 0.2792844772338867, 
"UCT MCTS (sc:iters=1, ew=0.5)", 2340, 1430, 653, 9448, 1430, 0.3031618595123291, 
"UCT MCTS (sc:iters=1, ew=0.5)", 2340, 1433, 655, 9500, 1433, 0.3451046943664551, 
"UCT MCTS (sc:iters=1, ew=0.5)", 2340, 1433, 655, 9538, 1433, 0.2608513832092285, 
"UCT MCTS (sc:iters=1, ew=0.5)", 2340, 1434, 655, 9578, 1434, 0.29720139503479004, 
"UCT MCTS (sc:iters=1, ew=0.5)", 2340, 1437, 656, 9618, 1437, 0.35804152488708496, 
"UCT MCTS (sc:iters=1, ew=0.5)", 2340, 1438, 656, 9658, 1438, 0.25830960273742676, 
"UCT MCTS (sc:iters=1, ew=0.5)", 2340, 1440, 656, 9714, 1440, 0.44886207580566406, 
"UCT MCTS (sc:iters=1, ew=0.5)", 2340, 1444, 658, 9768, 1444, 0.3800532817840576, 
"UCT MCTS (sc:iters=1, ew=0.5)", 2340, 1449, 660, 9820, 1449, 0.4118978977203369, 
"UCT MCTS (sc:iters=1, ew=0.5)", 2340, 1452, 662, 9858, 1452, 0.2423872947692871, 
"UCT MCTS (sc:iters=1, ew=0.5)", 2340, 1455, 663, 9896, 1455, 0.27930736541748047, 
"UCT MCTS (sc:iters=1, ew=0.5)", 2340, 1467, 668, 9952, 1467, 0.4798743724822998, 
"UCT MCTS (sc:iters=1, ew=0.5)", 2340, 1468, 668, 10008, 1468, 0.3650236129760742, 
"UCT MCTS (sc:iters=1, ew=0.5)", 2340, 1469, 669, 10048, 1469, 0.29717540740966797, 
"UCT MCTS (sc:iters=1, ew=0.5)", 2340, 1470, 669, 10088, 1470, 0.3082737922668457, 
"UCT MCTS (sc:iters=1, ew=0.5)", 2340, 1472, 670, 10144, 1472, 0.34413743019104004, 
"UCT MCTS (sc:iters=1, ew=0.5)", 2340, 1472, 670, 10184, 1472, 0.2982022762298584, 
"UCT MCTS (sc:iters=1, ew=0.5)", 2340, 1473, 671, 10236, 1473, 0.3480973243713379, 
"UCT MCTS (sc:iters=1, ew=0.5)", 2340, 1477, 673, 10274, 1477, 0.2254319190979004, 
"UCT MCTS (sc:iters=1, ew=0.5)", 2340, 1479, 674, 10312, 1479, 0.2630269527435303, 
"UCT MCTS (sc:iters=1, ew=0.5)", 2340, 1484, 675, 10358, 1484, 0.3626444339752197, 
"UCT MCTS (sc:iters=1, ew=0.5)", 2340, 1484, 675, 10398, 1484, 0.26435184478759766, 
"UCT MCTS (sc:iters=1, ew=0.5)", 2340, 1485, 675, 10438, 1485, 0.26637768745422363, 
"UCT MCTS (sc:iters=1, ew=0.5)", 2340, 1488, 677, 10478, 1488, 0.295210599899292, 
"UCT MCTS (sc:iters=1, ew=0.5)", 2340, 1489, 678, 10528, 1489, 0.32416367530822754, 
"UCT MCTS (sc:iters=1, ew=0.5)", 2340, 1492, 680, 10566, 1492, 0.26429295539855957, 
"UCT MCTS (sc:iters=1, ew=0.5)", 2340, 1496, 681, 10620, 1496, 0.44084978103637695, 
"UCT MCTS (sc:iters=1, ew=0.5)", 2340, 1497, 681, 10660, 1497, 0.31280088424682617, 
"UCT MCTS (sc:iters=1, ew=0.5)", 2340, 1500, 682, 10714, 1500, 0.34108877182006836, 
"UCT MCTS (sc:iters=1, ew=0.5)", 2340, 1501, 683, 10766, 1501, 0.3281230926513672, 
"UCT MCTS (sc:iters=1, ew=0.5)", 2340, 1508, 686, 10820, 1508, 0.4397897720336914, 
"UCT MCTS (sc:iters=1, ew=0.5)", 2340, 1510, 687, 10858, 1510, 0.3151581287384033, 
"UCT MCTS (sc:iters=1, ew=0.5)", 2340, 1512, 688, 10898, 1512, 0.29720449447631836, 
"UCT MCTS (sc:iters=1, ew=0.5)", 2340, 1526, 692, 10954, 1526, 0.4748189449310303, 
"UCT MCTS (sc:iters=1, ew=0.5)", 2340, 1530, 695, 10994, 1530, 0.2383887767791748, 
"UCT MCTS (sc:iters=1, ew=0.5)", 2340, 1533, 696, 11044, 1533, 0.3560481071472168, 
"UCT MCTS (sc:iters=1, ew=0.5)", 2340, 1543, 699, 11098, 1543, 0.4910163879394531, 
"UCT MCTS (sc:iters=1, ew=0.5)", 2340, 1544, 699, 11136, 1544, 0.24634218215942383, 
"UCT MCTS (sc:iters=1, ew=0.5)", 2340, 1548, 700, 11176, 1548, 0.31571054458618164, 
"UCT MCTS (sc:iters=1, ew=0.5)", 2340, 1554, 702, 11216, 1554, 0.3341331481933594, 
"UCT MCTS (sc:iters=1, ew=0.5)", 2340, 1561, 706, 11270, 1561, 0.43841981887817383, 
"UCT MCTS (sc:iters=1, ew=0.5)", 2340, 1563, 706, 11310, 1563, 0.2842390537261963, 
"UCT MCTS (sc:iters=1, ew=0.5)", 2340, 1572, 708, 11362, 1572, 0.4134814739227295, 
"UCT MCTS (sc:iters=1, ew=0.5)", 2340, 1574, 709, 11400, 1574, 0.23537015914916992, 
"UCT MCTS (sc:iters=1, ew=0.5)", 2340, 1575, 709, 11438, 1575, 0.23250842094421387, 
"UCT MCTS (sc:iters=1, ew=0.5)", 2340, 1576, 709, 11478, 1576, 0.27429866790771484, 
"UCT MCTS (sc:iters=1, ew=0.5)", 2340, 1577, 710, 11518, 1577, 0.30415916442871094, 
"UCT MCTS (sc:iters=1, ew=0.5)", 2340, 1577, 710, 11556, 1577, 0.2274186611175537, 
"UCT MCTS (sc:iters=1, ew=0.5)", 2340, 1582, 713, 11610, 1582, 0.43820714950561523, 
"UCT MCTS (sc:iters=1, ew=0.5)", 2340, 1585, 714, 11648, 1585, 0.2732386589050293, 
"UCT MCTS (sc:iters=1, ew=0.5)", 2340, 1586, 715, 11686, 1586, 0.23537015914916992, 
"UCT MCTS (sc:iters=1, ew=0.5)", 2340, 1595, 719, 11742, 1595, 0.45507097244262695, 
"UCT MCTS (sc:iters=1, ew=0.5)", 2340, 1601, 721, 11792, 1601, 0.4220414161682129, 
"UCT MCTS (sc:iters=1, ew=0.5)", 2340, 1603, 721, 11848, 1603, 0.35363245010375977, 
"UCT MCTS (sc:iters=1, ew=0.5)", 2340, 1604, 722, 11888, 1604, 0.2623004913330078, 
"UCT MCTS (sc:iters=1, ew=0.5)", 2340, 1608, 724, 11926, 1608, 0.273240327835083, 
"UCT MCTS (sc:iters=1, ew=0.5)", 2340, 1611, 724, 11964, 1611, 0.2574150562286377, 
"UCT MCTS (sc:iters=1, ew=0.5)", 2340, 1614, 724, 12002, 1614, 0.28723621368408203, 
"UCT MCTS (sc:iters=1, ew=0.5)", 2340, 1618, 726, 12056, 1618, 0.46276187896728516, 
"UCT MCTS (sc:iters=1, ew=0.5)", 2340, 1620, 728, 12110, 1620, 0.3780190944671631, 
"UCT MCTS (sc:iters=1, ew=0.5)", 2340, 1621, 729, 12164, 1621, 0.39095497131347656, 
"UCT MCTS (sc:iters=1, ew=0.5)", 2340, 1621, 729, 12204, 1621, 0.30817508697509766, 
"UCT MCTS (sc:iters=1, ew=0.5)", 2340, 1623, 729, 12242, 1623, 0.2518894672393799, 
"UCT MCTS (sc:iters=1, ew=0.5)", 2340, 1628, 730, 12296, 1628, 0.3711214065551758, 
"UCT MCTS (sc:iters=1, ew=0.5)", 2340, 1630, 730, 12336, 1630, 0.28025388717651367, 
"UCT MCTS (sc:iters=1, ew=0.5)", 2340, 1630, 730, 12374, 1630, 0.23041200637817383, 
"UCT MCTS (sc:iters=1, ew=0.5)", 2340, 1638, 733, 12428, 1638, 0.4483349323272705, 
"UCT MCTS (sc:iters=1, ew=0.5)", 2340, 1640, 734, 12468, 1640, 0.2989952564239502, 
"UCT MCTS (sc:iters=1, ew=0.5)", 2340, 1642, 735, 12508, 1642, 0.24939393997192383, 
"UCT MCTS (sc:iters=1, ew=0.5)", 2340, 1643, 735, 12546, 1643, 0.2663264274597168, 
"UCT MCTS (sc:iters=1, ew=0.5)", 2340, 1657, 737, 12602, 1657, 0.535567045211792, 
"UCT MCTS (sc:iters=1, ew=0.5)", 2340, 1660, 738, 12640, 1660, 0.2333693504333496, 
"UCT MCTS (sc:iters=1, ew=0.5)", 2340, 1662, 738, 12676, 1662, 0.2982668876647949, 
"UCT MCTS (sc:iters=1, ew=0.5)", 2340, 1662, 738, 12714, 1662, 0.3231058120727539, 
"UCT MCTS (sc:iters=1, ew=0.5)", 2340, 1663, 738, 12754, 1663, 0.3061809539794922, 
"UCT MCTS (sc:iters=1, ew=0.5)", 2340, 1667, 740, 12806, 1667, 0.37899112701416016, 
"UCT MCTS (sc:iters=1, ew=0.5)", 2340, 1671, 742, 12844, 1671, 0.27127814292907715, 
"UCT MCTS (sc:iters=1, ew=0.5)", 2340, 1671, 742, 12882, 1671, 0.26631784439086914, 
"UCT MCTS (sc:iters=1, ew=0.5)", 2340, 1676, 742, 12922, 1676, 0.35116124153137207, 
"UCT MCTS (sc:iters=1, ew=0.5)", 2340, 1678, 742, 12960, 1678, 0.2451331615447998, 
"UCT MCTS (sc:iters=1, ew=0.5)", 2340, 1683, 746, 12998, 1683, 0.2423844337463379, 
"UCT MCTS (sc:iters=1, ew=0.5)", 2340, 1691, 751, 13054, 1691, 0.4678366184234619, 
"UCT MCTS (sc:iters=1, ew=0.5)", 2340, 1694, 752, 13094, 1694, 0.3101980686187744, 
"UCT MCTS (sc:iters=1, ew=0.5)", 2340, 1695, 752, 13134, 1695, 0.2908926010131836, 
"UCT MCTS (sc:iters=1, ew=0.5)", 2340, 1700, 753, 13172, 1700, 0.2622685432434082, 
"UCT MCTS (sc:iters=1, ew=0.5)", 2340, 1708, 758, 13224, 1708, 0.3879964351654053, 
"UCT MCTS (sc:iters=1, ew=0.5)", 2340, 1709, 758, 13262, 1709, 0.24197006225585938, 
"UCT MCTS (sc:iters=1, ew=0.5)", 2340, 1712, 758, 13300, 1712, 0.25831031799316406, 
"UCT MCTS (sc:iters=1, ew=0.5)", 2340, 1715, 760, 13338, 1715, 0.22739195823669434, 
"UCT MCTS (sc:iters=1, ew=0.5)", 2340, 1717, 761, 13376, 1717, 0.2154240608215332, 
"UCT MCTS (sc:iters=1, ew=0.5)", 2340, 1717, 761, 13416, 1717, 0.3032231330871582, 
"UCT MCTS (sc:iters=1, ew=0.5)", 2340, 1718, 762, 13456, 1718, 0.2842121124267578, 
"UCT MCTS (sc:iters=1, ew=0.5)", 2340, 1719, 762, 13494, 1719, 0.29122090339660645, 
"UCT MCTS (sc:iters=1, ew=0.5)", 2340, 1722, 762, 13532, 1722, 0.3151283264160156, 
"UCT MCTS (sc:iters=1, ew=0.5)", 2340, 1723, 763, 13570, 1723, 0.23935985565185547, 
"UCT MCTS (sc:iters=1, ew=0.5)", 2340, 1725, 765, 13610, 1725, 0.3062124252319336, 
"UCT MCTS (sc:iters=1, ew=0.5)", 2340, 1729, 766, 13666, 1729, 0.3979358673095703, 
"UCT MCTS (sc:iters=1, ew=0.5)", 2340, 1730, 766, 13706, 1730, 0.25731348991394043, 
"UCT MCTS (sc:iters=1, ew=0.5)", 2340, 1733, 767, 13742, 1733, 0.260303258895874, 
"UCT MCTS (sc:iters=1, ew=0.5)", 2340, 1737, 767, 13782, 1737, 0.3138587474822998, 
"UCT MCTS (sc:iters=1, ew=0.5)", 2340, 1738, 767, 13820, 1738, 0.2622976303100586, 
"UCT MCTS (sc:iters=1, ew=0.5)", 2340, 1741, 767, 13876, 1741, 0.36103177070617676, 
"UCT MCTS (sc:iters=1, ew=0.5)", 2340, 1742, 767, 13922, 1742, 0.34102869033813477, 
"UCT MCTS (sc:iters=1, ew=0.5)", 2340, 1750, 771, 13978, 1750, 0.4757561683654785, 
"UCT MCTS (sc:iters=1, ew=0.5)", 2340, 1751, 771, 14018, 1751, 0.32213807106018066, 
"UCT MCTS (sc:iters=1, ew=0.5)", 2340, 1754, 772, 14056, 1754, 0.28523707389831543, 
"UCT MCTS (sc:iters=1, ew=0.5)", 2340, 1757, 772, 14096, 1757, 0.2999732494354248, 
"UCT MCTS (sc:iters=1, ew=0.5)", 2340, 1759, 772, 14134, 1759, 0.25232481956481934, 
"UCT MCTS (sc:iters=1, ew=0.5)", 2340, 1761, 772, 14172, 1761, 0.29308533668518066, 
"UCT MCTS (sc:iters=1, ew=0.5)", 2340, 1763, 772, 14212, 1763, 0.2583048343658447, 
"UCT MCTS (sc:iters=1, ew=0.5)", 2340, 1764, 773, 14252, 1764, 0.29421257972717285, 
"UCT MCTS (sc:iters=1, ew=0.5)", 2340, 1767, 773, 14290, 1767, 0.2429203987121582, 
"UCT MCTS (sc:iters=1, ew=0.5)", 2340, 1775, 776, 14342, 1775, 0.4299454689025879, 
"UCT MCTS (sc:iters=1, ew=0.5)", 2340, 1780, 778, 14396, 1780, 0.45381665229797363, 
"UCT MCTS (sc:iters=1, ew=0.5)", 2340, 1794, 788, 14450, 1794, 0.4527876377105713, 
"UCT MCTS (sc:iters=1, ew=0.5)", 2340, 1800, 792, 14502, 1800, 0.3421964645385742, 
"UCT MCTS (sc:iters=1, ew=0.5)", 2340, 1804, 793, 14542, 1804, 0.34418797492980957, 
"UCT MCTS (sc:iters=1, ew=0.5)", 2340, 1813, 798, 14596, 1813, 0.429412841796875, 
"UCT MCTS (sc:iters=1, ew=0.5)", 2340, 1816, 800, 14636, 1816, 0.2902507781982422, 
"UCT MCTS (sc:iters=1, ew=0.5)", 2340, 1816, 800, 14676, 1816, 0.29124879837036133, 
"UCT MCTS (sc:iters=1, ew=0.5)", 2340, 1818, 801, 14728, 1818, 0.3560476303100586, 
"UCT MCTS (sc:iters=1, ew=0.5)", 2340, 1820, 801, 14766, 1820, 0.2622983455657959, 
"UCT MCTS (sc:iters=1, ew=0.5)", 2340, 1823, 802, 14806, 1823, 0.3011946678161621, 
"UCT MCTS (sc:iters=1, ew=0.5)", 2340, 1825, 802, 14844, 1825, 0.23437261581420898, 
"UCT MCTS (sc:iters=1, ew=0.5)", 2340, 1825, 802, 14882, 1825, 0.2872605323791504, 
"UCT MCTS (sc:iters=1, ew=0.5)", 2340, 1826, 803, 14922, 1826, 0.3510603904724121, 
"UCT MCTS (sc:iters=1, ew=0.5)", 2340, 1830, 804, 14962, 1830, 0.2992277145385742, 
"UCT MCTS (sc:iters=1, ew=0.5)", 2340, 1832, 805, 15002, 1832, 0.29523754119873047, 
"UCT MCTS (sc:iters=1, ew=0.5)", 2340, 1834, 805, 15040, 1834, 0.23041558265686035, 
"UCT MCTS (sc:iters=1, ew=0.5)", 2340, 1834, 805, 15080, 1834, 0.2903285026550293, 
"UCT MCTS (sc:iters=1, ew=0.5)", 2340, 1836, 806, 15132, 1836, 0.3650949001312256, 
"UCT MCTS (sc:iters=1, ew=0.5)", 2340, 1837, 807, 15184, 1837, 0.3261542320251465, 
"UCT MCTS (sc:iters=1, ew=0.5)", 2340, 1844, 810, 15238, 1844, 0.45336198806762695, 
"UCT MCTS (sc:iters=1, ew=0.5)", 2340, 1852, 814, 15292, 1852, 0.46733713150024414, 
"UCT MCTS (sc:iters=1, ew=0.5)", 2340, 1854, 814, 15346, 1854, 0.36602258682250977, 
"UCT MCTS (sc:iters=1, ew=0.5)", 2340, 1857, 815, 15386, 1857, 0.27828335762023926, 
"UCT MCTS (sc:iters=1, ew=0.5)", 2340, 1858, 816, 15426, 1858, 0.23636865615844727, 
"UCT MCTS (sc:iters=1, ew=0.5)", 2340, 1858, 816, 15478, 1858, 0.3401203155517578, 
"UCT MCTS (sc:iters=1, ew=0.5)", 2340, 1859, 816, 15516, 1859, 0.2646021842956543, 
"UCT MCTS (sc:iters=1, ew=0.5)", 2340, 1859, 816, 15556, 1859, 0.29118847846984863, 
"UCT MCTS (sc:iters=1, ew=0.5)", 2340, 1861, 817, 15594, 1861, 0.31615400314331055, 
"UCT MCTS (sc:iters=1, ew=0.5)", 2340, 1864, 820, 15648, 1864, 0.4228987693786621, 
"UCT MCTS (sc:iters=1, ew=0.5)", 2340, 1867, 821, 15702, 1867, 0.38496899604797363, 
"UCT MCTS (sc:iters=1, ew=0.5)", 2340, 1869, 821, 15748, 1869, 0.36602044105529785, 
"UCT MCTS (sc:iters=1, ew=0.5)", 2340, 1870, 822, 15786, 1870, 0.242323637008667, 
"UCT MCTS (sc:iters=1, ew=0.5)", 2340, 1871, 822, 15824, 1871, 0.27725791931152344, 
"UCT MCTS (sc:iters=1, ew=0.5)", 2340, 1871, 822, 15864, 1871, 0.3261606693267822, 
"UCT MCTS (sc:iters=1, ew=0.5)", 2340, 1875, 823, 15904, 1875, 0.25656652450561523, 
"UCT MCTS (sc:iters=1, ew=0.5)", 2340, 1878, 824, 15956, 1878, 0.31418633460998535, 
"UCT MCTS (sc:iters=1, ew=0.5)", 2340, 1881, 825, 15994, 1881, 0.28725767135620117, 
"UCT MCTS (sc:iters=1, ew=0.5)", 2340, 1885, 827, 16032, 1885, 0.2573411464691162, 
"UCT MCTS (sc:iters=1, ew=0.5)", 2340, 1888, 829, 16088, 1888, 0.4849393367767334, 
"UCT MCTS (sc:iters=1, ew=0.5)", 2340, 1890, 829, 16126, 1890, 0.3022024631500244, 
"UCT MCTS (sc:iters=1, ew=0.5)", 2340, 1900, 833, 16182, 1900, 0.4837348461151123, 
"UCT MCTS (sc:iters=1, ew=0.5)", 2340, 1900, 833, 16232, 1900, 0.32413291931152344, 
"UCT MCTS (sc:iters=1, ew=0.5)", 2340, 1903, 834, 16284, 1903, 0.33711767196655273, 
"UCT MCTS (sc:iters=1, ew=0.5)", 2340, 1903, 834, 16336, 1903, 0.3620316982269287, 
"UCT MCTS (sc:iters=1, ew=0.5)", 2340, 1905, 835, 16374, 1905, 0.25229692459106445, 
"UCT MCTS (sc:iters=1, ew=0.5)", 2340, 1908, 836, 16414, 1908, 0.31117820739746094, 
"UCT MCTS (sc:iters=1, ew=0.5)", 2340, 1910, 837, 16452, 1910, 0.2603309154510498, 
"UCT MCTS (sc:iters=1, ew=0.5)", 2340, 1910, 837, 16492, 1910, 0.2862052917480469, 
"UCT MCTS (sc:iters=1, ew=0.5)", 2340, 1912, 838, 16532, 1912, 0.30518460273742676, 
"UCT MCTS (sc:iters=1, ew=0.5)", 2340, 1913, 839, 16572, 1913, 0.2852671146392822, 
"UCT MCTS (sc:iters=1, ew=0.5)", 2340, 1915, 839, 16612, 1915, 0.29322195053100586, 
"UCT MCTS (sc:iters=1, ew=0.5)", 2340, 1917, 840, 16652, 1917, 0.25032949447631836, 
"UCT MCTS (sc:iters=1, ew=0.5)", 2340, 1917, 840, 16690, 1917, 0.24442529678344727, 
"UCT MCTS (sc:iters=1, ew=0.5)", 2340, 1921, 842, 16730, 1921, 0.2353677749633789, 
"UCT MCTS (sc:iters=1, ew=0.5)", 2340, 1925, 843, 16770, 1925, 0.2858250141143799, 
"UCT MCTS (sc:iters=1, ew=0.5)", 2340, 1928, 844, 16808, 1928, 0.25133419036865234, 
"UCT MCTS (sc:iters=1, ew=0.5)", 2340, 1930, 845, 16848, 1930, 0.3342099189758301, 
"UCT MCTS (sc:iters=1, ew=0.5)", 2340, 1932, 845, 16888, 1932, 0.2712748050689697, 
"UCT MCTS (sc:iters=1, ew=0.5)", 2340, 1936, 846, 16942, 1936, 0.41788268089294434, 
"UCT MCTS (sc:iters=1, ew=0.5)", 2340, 1938, 847, 16980, 1938, 0.23094487190246582, 
"UCT MCTS (sc:iters=1, ew=0.5)", 2340, 1943, 848, 17032, 1943, 0.43683743476867676, 
"UCT MCTS (sc:iters=1, ew=0.5)", 2340, 1949, 852, 17086, 1949, 0.41561031341552734, 
"UCT MCTS (sc:iters=1, ew=0.5)", 2340, 1954, 855, 17140, 1954, 0.4338078498840332, 
"UCT MCTS (sc:iters=1, ew=0.5)", 2340, 1956, 857, 17178, 1956, 0.2981686592102051, 
"UCT MCTS (sc:iters=1, ew=0.5)", 2340, 1961, 861, 17216, 1961, 0.2503323554992676, 
"UCT MCTS (sc:iters=1, ew=0.5)", 2340, 1962, 861, 17256, 1962, 0.2812507152557373, 
"UCT MCTS (sc:iters=1, ew=0.5)", 2340, 1962, 861, 17310, 1962, 0.3783559799194336, 
"UCT MCTS (sc:iters=1, ew=0.5)", 2340, 1969, 862, 17362, 1969, 0.43284153938293457, 
"UCT MCTS (sc:iters=1, ew=0.5)", 2340, 1969, 862, 17402, 1969, 0.3091731071472168, 
"UCT MCTS (sc:iters=1, ew=0.5)", 2340, 1975, 865, 17456, 1975, 0.45481085777282715, 
"UCT MCTS (sc:iters=1, ew=0.5)", 2340, 1977, 865, 17510, 1977, 0.4727351665496826, 
"UCT MCTS (sc:iters=1, ew=0.5)", 2340, 1987, 869, 17566, 1987, 0.4757554531097412, 
"UCT MCTS (sc:iters=1, ew=0.5)", 2340, 1987, 869, 17604, 1987, 0.24292874336242676, 
"UCT MCTS (sc:iters=1, ew=0.5)", 2340, 1989, 869, 17642, 1989, 0.26587748527526855, 
"UCT MCTS (sc:iters=1, ew=0.5)", 2340, 1992, 870, 17680, 1992, 0.26628708839416504, 
"UCT MCTS (sc:iters=1, ew=0.5)", 2340, 2001, 875, 17734, 2001, 0.4797501564025879, 
"UCT MCTS (sc:iters=1, ew=0.5)", 2340, 2002, 875, 17774, 2002, 0.25334978103637695, 
"UCT MCTS (sc:iters=1, ew=0.5)", 2340, 2005, 875, 17812, 2005, 0.3260986804962158, 
"UCT MCTS (sc:iters=1, ew=0.5)", 2340, 2006, 875, 17852, 2006, 0.3401176929473877, 
"UCT MCTS (sc:iters=1, ew=0.5)", 2340, 2006, 875, 17892, 2006, 0.31914234161376953, 
"UCT MCTS (sc:iters=1, ew=0.5)", 2340, 2008, 876, 17930, 2008, 0.2712743282318115, 
"UCT MCTS (sc:iters=1, ew=0.5)", 2340, 2009, 877, 17968, 2009, 0.2732691764831543, 
"UCT MCTS (sc:iters=1, ew=0.5)", 2340, 2011, 877, 18008, 2011, 0.33211421966552734, 
"UCT MCTS (sc:iters=1, ew=0.5)", 2340, 2014, 879, 18048, 2014, 0.33321070671081543, 
"UCT MCTS (sc:iters=1, ew=0.5)", 2340, 2017, 881, 18086, 2017, 0.24238038063049316, 
"UCT MCTS (sc:iters=1, ew=0.5)", 2340, 2018, 881, 18126, 2018, 0.29324841499328613, 
"UCT MCTS (sc:iters=1, ew=0.5)", 2340, 2018, 881, 18166, 2018, 0.2682821750640869, 
"UCT MCTS (sc:iters=1, ew=0.5)", 2340, 2027, 883, 18220, 2027, 0.4055750370025635, 
"UCT MCTS (sc:iters=1, ew=0.5)", 2340, 2032, 886, 18272, 2032, 0.39197754859924316, 
"UCT MCTS (sc:iters=1, ew=0.5)", 2340, 2034, 887, 18310, 2034, 0.29618072509765625, 
"UCT MCTS (sc:iters=1, ew=0.5)", 2340, 2035, 887, 18356, 2035, 0.37203121185302734, 
"UCT MCTS (sc:iters=1, ew=0.5)", 2340, 2043, 889, 18408, 2043, 0.4707624912261963, 
"UCT MCTS (sc:iters=1, ew=0.5)", 2340, 2048, 890, 18462, 2048, 0.4508237838745117, 
"UCT MCTS (sc:iters=1, ew=0.5)", 2340, 2049, 891, 18502, 2049, 0.24437522888183594, 
"UCT MCTS (sc:iters=1, ew=0.5)", 2340, 2051, 892, 18540, 2051, 0.2543215751647949, 
"UCT MCTS (sc:iters=1, ew=0.5)", 2340, 2053, 893, 18578, 2053, 0.2812764644622803, 
"UCT MCTS (sc:iters=1, ew=0.5)", 2340, 2057, 894, 18618, 2057, 0.35202932357788086, 
"UCT MCTS (sc:iters=1, ew=0.5)", 2340, 2058, 894, 18656, 2058, 0.2611429691314697, 
"UCT MCTS (sc:iters=1, ew=0.5)", 2340, 2060, 894, 18696, 2060, 0.3212568759918213, 
"UCT MCTS (sc:iters=1, ew=0.5)", 2340, 2077, 900, 18752, 2077, 0.49773335456848145, 
"UCT MCTS (sc:iters=1, ew=0.5)", 2340, 2078, 900, 18790, 2078, 0.30820345878601074, 
"UCT MCTS (sc:iters=1, ew=0.5)", 2340, 2079, 900, 18830, 2079, 0.27226972579956055, 
"UCT MCTS (sc:iters=1, ew=0.5)", 2340, 2080, 900, 18868, 2080, 0.25830864906311035, 
"UCT MCTS (sc:iters=1, ew=0.5)", 2340, 2081, 901, 18918, 2081, 0.31417012214660645, 
"UCT MCTS (sc:iters=1, ew=0.5)", 2340, 2083, 902, 18958, 2083, 0.36005139350891113, 
"UCT MCTS (sc:iters=1, ew=0.5)", 2340, 2085, 902, 18994, 2085, 0.2642960548400879, 
"UCT MCTS (sc:iters=1, ew=0.5)", 2340, 2085, 902, 19034, 2085, 0.2668464183807373, 
"UCT MCTS (sc:iters=1, ew=0.5)", 2340, 2085, 902, 19074, 2085, 0.3151867389678955, 
"UCT MCTS (sc:iters=1, ew=0.5)", 2340, 2087, 904, 19114, 2087, 0.2592785358428955, 
"UCT MCTS (sc:iters=1, ew=0.5)", 2340, 2092, 904, 19166, 2092, 0.4054901599884033, 
"UCT MCTS (sc:iters=1, ew=0.5)", 2340, 2093, 904, 19206, 2093, 0.2513277530670166, 
"UCT MCTS (sc:iters=1, ew=0.5)", 2340, 2098, 905, 19260, 2098, 0.45680999755859375, 
"UCT MCTS (sc:iters=1, ew=0.5)", 2340, 2100, 907, 19312, 2100, 0.3153519630432129, 
"UCT MCTS (sc:iters=1, ew=0.5)", 2340, 2100, 907, 19352, 2100, 0.2863585948944092, 
"UCT MCTS (sc:iters=1, ew=0.5)", 2340, 2101, 907, 19392, 2101, 0.2962062358856201, 
"UCT MCTS (sc:iters=1, ew=0.5)", 2340, 2103, 909, 19444, 2103, 0.33011627197265625, 
"UCT MCTS (sc:iters=1, ew=0.5)", 2340, 2105, 909, 19482, 2105, 0.2712974548339844, 
"UCT MCTS (sc:iters=1, ew=0.5)", 2340, 2105, 909, 19520, 2105, 0.2712726593017578, 
"UCT MCTS (sc:iters=1, ew=0.5)", 2340, 2106, 909, 19558, 2106, 0.2373647689819336, 
"UCT MCTS (sc:iters=1, ew=0.5)", 2340, 2107, 909, 19596, 2107, 0.24534368515014648, 
"UCT MCTS (sc:iters=1, ew=0.5)", 2340, 2109, 910, 19636, 2109, 0.2786097526550293, 
"UCT MCTS (sc:iters=1, ew=0.5)", 2340, 2111, 911, 19674, 2111, 0.27426862716674805, 
"UCT MCTS (sc:iters=1, ew=0.5)", 2340, 2111, 911, 19714, 2111, 0.2665379047393799, 
"UCT MCTS (sc:iters=1, ew=0.5)", 2340, 2112, 911, 19754, 2112, 0.2677884101867676, 
"UCT MCTS (sc:iters=1, ew=0.5)", 2340, 2112, 911, 19794, 2112, 0.25702595710754395, 
"UCT MCTS (sc:iters=1, ew=0.5)", 2340, 2114, 911, 19846, 2114, 0.3042128086090088, 
"UCT MCTS (sc:iters=1, ew=0.5)", 2340, 2116, 911, 19898, 2116, 0.3401315212249756, 
"UCT MCTS (sc:iters=1, ew=0.5)", 2340, 2117, 912, 19948, 2117, 0.3051791191101074, 
"UCT MCTS (sc:iters=1, ew=0.5)", 2340, 2120, 913, 19988, 2120, 0.3171510696411133, 
"UCT MCTS (sc:iters=1, ew=0.5)", 2340, 2121, 914, 20028, 2121, 0.30317163467407227, 
"UCT MCTS (sc:iters=1, ew=0.5)", 2340, 2121, 914, 20068, 2121, 0.29421281814575195, 
"UCT MCTS (sc:iters=1, ew=0.5)", 2340, 2122, 915, 20106, 2122, 0.28127002716064453, 
"UCT MCTS (sc:iters=1, ew=0.5)", 2340, 2124, 916, 20146, 2124, 0.3261570930480957, 
"UCT MCTS (sc:iters=1, ew=0.5)", 2340, 2125, 916, 20186, 2125, 0.263272762298584, 
"UCT MCTS (sc:iters=1, ew=0.5)", 2340, 2130, 917, 20240, 2130, 0.46080994606018066, 
"UCT MCTS (sc:iters=1, ew=0.5)", 2340, 2134, 920, 20292, 2134, 0.379955530166626, 
"UCT MCTS (sc:iters=1, ew=0.5)", 2340, 2136, 920, 20330, 2136, 0.2742652893066406, 
"UCT MCTS (sc:iters=1, ew=0.5)", 2340, 2139, 922, 20368, 2139, 0.24733734130859375, 
"UCT MCTS (sc:iters=1, ew=0.5)", 2340, 2141, 922, 20406, 2141, 0.25229644775390625, 
"UCT MCTS (sc:iters=1, ew=0.5)", 2340, 2142, 922, 20446, 2142, 0.2433938980102539, 
"UCT MCTS (sc:iters=1, ew=0.5)", 2340, 2143, 922, 20484, 2143, 0.3012211322784424, 
"UCT MCTS (sc:iters=1, ew=0.5)", 2340, 2147, 923, 20522, 2147, 0.30633997917175293, 
"UCT MCTS (sc:iters=1, ew=0.5)", 2340, 2148, 923, 20562, 2148, 0.3151566982269287, 
"UCT MCTS (sc:iters=1, ew=0.5)", 2340, 2151, 924, 20602, 2151, 0.2812199592590332, 
"UCT MCTS (sc:iters=1, ew=0.5)", 2340, 2151, 924, 20654, 2151, 0.3615093231201172, 
"UCT MCTS (sc:iters=1, ew=0.5)", 2340, 2156, 926, 20692, 2156, 0.28822875022888184, 
"UCT MCTS (sc:iters=1, ew=0.5)", 2340, 2165, 931, 20746, 2165, 0.4497969150543213, 
"UCT MCTS (sc:iters=1, ew=0.5)", 2340, 2168, 931, 20784, 2168, 0.24736618995666504, 
"UCT MCTS (sc:iters=1, ew=0.5)", 2340, 2168, 931, 20824, 2168, 0.275235652923584, 
"UCT MCTS (sc:iters=1, ew=0.5)", 2340, 2169, 931, 20864, 2169, 0.2593345642089844, 
"UCT MCTS (sc:iters=1, ew=0.5)", 2340, 2172, 932, 20904, 2172, 0.30031347274780273, 
"UCT MCTS (sc:iters=1, ew=0.5)", 2340, 2172, 932, 20944, 2172, 0.27426671981811523, 
"UCT MCTS (sc:iters=1, ew=0.5)", 2340, 2175, 933, 20998, 2175, 0.425945520401001, 
"UCT MCTS (sc:iters=1, ew=0.5)", 2340, 2176, 933, 21050, 2176, 0.35106444358825684, 
"UCT MCTS (sc:iters=1, ew=0.5)", 2340, 2177, 933, 21090, 2177, 0.30216145515441895, 
"UCT MCTS (sc:iters=1, ew=0.5)", 2340, 2178, 933, 21130, 2178, 0.2869091033935547, 
"UCT MCTS (sc:iters=1, ew=0.5)", 2340, 2187, 939, 21186, 2187, 0.4902510643005371, 
"UCT MCTS (sc:iters=1, ew=0.5)", 2340, 2187, 939, 21226, 2187, 0.312671422958374, 
"UCT MCTS (sc:iters=1, ew=0.5)", 2340, 2189, 940, 21266, 2189, 0.24633526802062988, 
"UCT MCTS (sc:iters=1, ew=0.5)", 2340, 2196, 943, 21320, 2196, 0.4658534526824951, 
"UCT MCTS (sc:iters=1, ew=0.5)", 2340, 2198, 943, 21358, 2198, 0.2702770233154297, 
"UCT MCTS (sc:iters=1, ew=0.5)", 2340, 2198, 943, 21396, 2198, 0.25631284713745117, 
"UCT MCTS (sc:iters=1, ew=0.5)", 2340, 2204, 945, 21448, 2204, 0.41893720626831055, 
"UCT MCTS (sc:iters=1, ew=0.5)", 2340, 2208, 946, 21488, 2208, 0.2543525695800781, 
"UCT MCTS (sc:iters=1, ew=0.5)", 2340, 2210, 947, 21526, 2210, 0.25335049629211426, 
"UCT MCTS (sc:iters=1, ew=0.5)", 2340, 2212, 948, 21564, 2212, 0.2762629985809326, 
"UCT MCTS (sc:iters=1, ew=0.5)", 2340, 2213, 948, 21602, 2213, 0.29819655418395996, 
"UCT MCTS (sc:iters=1, ew=0.5)", 2340, 2216, 949, 21656, 2216, 0.48074889183044434, 
"UCT MCTS (sc:iters=1, ew=0.5)", 2340, 2220, 951, 21692, 2220, 0.3211514949798584, 
"UCT MCTS (sc:iters=1, ew=0.5)", 2340, 2227, 953, 21746, 2227, 0.4947047233581543, 
"UCT MCTS (sc:iters=1, ew=0.5)", 2340, 2227, 953, 21786, 2227, 0.28527235984802246, 
"UCT MCTS (sc:iters=1, ew=0.5)", 2340, 2228, 954, 21826, 2228, 0.30591750144958496, 
"UCT MCTS (sc:iters=1, ew=0.5)", 2340, 2229, 954, 21864, 2229, 0.261272668838501, 
"UCT MCTS (sc:iters=1, ew=0.5)", 2340, 2232, 955, 21918, 2232, 0.35205817222595215, 
"UCT MCTS (sc:iters=1, ew=0.5)", 2340, 2234, 957, 21956, 2234, 0.2513248920440674, 
"UCT MCTS (sc:iters=1, ew=0.5)", 2340, 2235, 957, 22010, 2235, 0.4268531799316406, 
"UCT MCTS (sc:iters=1, ew=0.5)", 2340, 2235, 957, 22050, 2235, 0.28224611282348633, 
"UCT MCTS (sc:iters=1, ew=0.5)", 2340, 2235, 957, 22090, 2235, 0.2992832660675049, 
"UCT MCTS (sc:iters=1, ew=0.5)", 2340, 2236, 957, 22130, 2236, 0.27226996421813965, 
"UCT MCTS (sc:iters=1, ew=0.5)", 2340, 2238, 957, 22170, 2238, 0.2563138008117676, 
"UCT MCTS (sc:iters=1, ew=0.5)", 2340, 2240, 957, 22210, 2240, 0.292374849319458, 
"UCT MCTS (sc:iters=1, ew=0.5)", 2340, 2240, 957, 22248, 2240, 0.2643239498138428, 
"UCT MCTS (sc:iters=1, ew=0.5)", 2340, 2241, 958, 22288, 2241, 0.30222082138061523, 
"UCT MCTS (sc:iters=1, ew=0.5)", 2340, 2243, 958, 22328, 2243, 0.2882568836212158, 
"UCT MCTS (sc:iters=1, ew=0.5)", 2340, 2246, 960, 22368, 2246, 0.31494927406311035, 
"UCT MCTS (sc:iters=1, ew=0.5)", 2340, 2249, 960, 22420, 2249, 0.37006473541259766, 
"UCT MCTS (sc:iters=1, ew=0.5)", 2340, 2252, 960, 22458, 2252, 0.2145369052886963, 
"UCT MCTS (sc:iters=1, ew=0.5)", 2340, 2253, 960, 22496, 2253, 0.26930785179138184, 
"UCT MCTS (sc:iters=1, ew=0.5)", 2340, 2254, 960, 22534, 2254, 0.2678542137145996, 
"UCT MCTS (sc:iters=1, ew=0.5)", 2340, 2256, 961, 22584, 2256, 0.3590354919433594, 
"UCT MCTS (sc:iters=1, ew=0.5)", 2340, 2257, 961, 22622, 2257, 0.24640488624572754, 
"UCT MCTS (sc:iters=1, ew=0.5)", 2340, 2259, 961, 22662, 2259, 0.2992682456970215, 
"UCT MCTS (sc:iters=1, ew=0.5)", 2340, 2259, 961, 22700, 2259, 0.2403569221496582, 
"UCT MCTS (sc:iters=1, ew=0.5)", 2340, 2259, 961, 22738, 2259, 0.2842402458190918, 
"UCT MCTS (sc:iters=1, ew=0.5)", 2340, 2259, 961, 22778, 2259, 0.2792537212371826, 
"UCT MCTS (sc:iters=1, ew=0.5)", 2340, 2261, 963, 22816, 2261, 0.25830912590026855, 
"UCT MCTS (sc:iters=1, ew=0.5)", 2340, 2265, 965, 22862, 2265, 0.34868955612182617, 
"UCT MCTS (sc:iters=1, ew=0.5)", 2340, 2268, 967, 22900, 2268, 0.26631593704223633, 
"UCT MCTS (sc:iters=1, ew=0.5)", 2340, 2271, 969, 22940, 2271, 0.25631260871887207, 
"UCT MCTS (sc:iters=1, ew=0.5)", 2340, 2272, 969, 22978, 2272, 0.2576127052307129, 
"UCT MCTS (sc:iters=1, ew=0.5)", 2340, 2273, 969, 23018, 2273, 0.29720497131347656, 
"UCT MCTS (sc:iters=1, ew=0.5)", 2340, 2277, 972, 23072, 2277, 0.47672319412231445, 
"UCT MCTS (sc:iters=1, ew=0.5)", 2340, 2286, 976, 23124, 2286, 0.4827592372894287, 
"UCT MCTS (sc:iters=1, ew=0.5)", 2340, 2288, 976, 23164, 2288, 0.3286905288696289, 
"UCT MCTS (sc:iters=1, ew=0.5)", 2340, 2289, 977, 23204, 2289, 0.2996556758880615, 
"UCT MCTS (sc:iters=1, ew=0.5)", 2340, 2291, 978, 23244, 2291, 0.30624818801879883, 
"UCT MCTS (sc:iters=1, ew=0.5)", 2340, 2291, 978, 23282, 2291, 0.2852354049682617, 
"UCT MCTS (sc:iters=1, ew=0.5)", 2340, 2292, 978, 23336, 2292, 0.3400893211364746, 
"UCT MCTS (sc:iters=1, ew=0.5)", 2340, 2294, 979, 23376, 2294, 0.29025936126708984, 
"UCT MCTS (sc:iters=1, ew=0.5)", 2340, 2295, 979, 23414, 2295, 0.28323960304260254, 
"UCT MCTS (sc:iters=1, ew=0.5)", 2340, 2295, 979, 23454, 2295, 0.29832029342651367, 
"UCT MCTS (sc:iters=1, ew=0.5)", 2340, 2296, 979, 23492, 2296, 0.2513096332550049, 
"UCT MCTS (sc:iters=1, ew=0.5)", 2340, 2296, 979, 23532, 2296, 0.30158019065856934, 
"UCT MCTS (sc:iters=1, ew=0.5)", 2340, 2298, 979, 23570, 2298, 0.2713477611541748, 
"UCT MCTS (sc:iters=1, ew=0.5)", 2340, 2299, 980, 23608, 2299, 0.25884032249450684, 
"UCT MCTS (sc:iters=1, ew=0.5)", 2340, 2299, 980, 23660, 2299, 0.32152843475341797, 
"UCT MCTS (sc:iters=1, ew=0.5)", 2340, 2302, 982, 23700, 2302, 0.29919981956481934, 
"UCT MCTS (sc:iters=1, ew=0.5)", 2340, 2302, 982, 23740, 2302, 0.2875552177429199, 
"UCT MCTS (sc:iters=1, ew=0.5)", 2340, 2304, 983, 23794, 2304, 0.4507930278778076, 
"UCT MCTS (sc:iters=1, ew=0.5)", 2340, 2306, 983, 23832, 2306, 0.24809980392456055, 
"UCT MCTS (sc:iters=1, ew=0.5)", 2340, 2314, 986, 23884, 2314, 0.4383366107940674, 
"UCT MCTS (sc:iters=1, ew=0.5)", 2340, 2315, 986, 23922, 2315, 0.25632166862487793, 
"UCT MCTS (sc:iters=1, ew=0.5)", 2340, 2318, 988, 23974, 2318, 0.3919508457183838, 
"UCT MCTS (sc:iters=1, ew=0.5)", 2340, 2318, 988, 24014, 2318, 0.2410283088684082, 
"UCT MCTS (sc:iters=1, ew=0.5)", 2340, 2318, 988, 24054, 2318, 0.2343730926513672, 
"UCT MCTS (sc:iters=1, ew=0.5)", 2340, 2319, 988, 24094, 2319, 0.2293863296508789, 
"UCT MCTS (sc:iters=1, ew=0.5)", 2340, 2320, 988, 24132, 2320, 0.26636767387390137, 
"UCT MCTS (sc:iters=1, ew=0.5)", 2340, 2323, 988, 24172, 2323, 0.34105968475341797, 
"UCT MCTS (sc:iters=1, ew=0.5)", 2340, 2329, 989, 24226, 2329, 0.45382213592529297, 
"UCT MCTS (sc:iters=1, ew=0.5)", 2340, 2331, 990, 24264, 2331, 0.25032711029052734, 
"UCT MCTS (sc:iters=1, ew=0.5)", 2340, 2332, 990, 24316, 2332, 0.36103391647338867, 
"UCT MCTS (sc:iters=1, ew=0.5)", 2340, 2337, 992, 24370, 2337, 0.4279639720916748, 
"UCT MCTS (sc:iters=1, ew=0.5)", 2340, 2339, 992, 24408, 2339, 0.248335599899292, 
"UCT MCTS (sc:iters=1, ew=0.5)", 2340, 2339, 992, 24460, 2339, 0.3690357208251953, 
"UCT MCTS (sc:iters=1, ew=0.5)", 2340, 2353, 996, 24516, 2353, 0.4508223533630371, 
"UCT MCTS (sc:iters=1, ew=0.5)", 2340, 2353, 996, 24556, 2353, 0.3291299343109131, 
"UCT MCTS (sc:iters=1, ew=0.5)", 2340, 2354, 996, 24610, 2354, 0.3241603374481201, 
"UCT MCTS (sc:iters=1, ew=0.5)", 2340, 2356, 996, 24648, 2356, 0.2513871192932129, 
"UCT MCTS (sc:iters=1, ew=0.5)", 2340, 2357, 996, 24688, 2357, 0.2862386703491211, 
"UCT MCTS (sc:iters=1, ew=0.5)", 2340, 2359, 996, 24728, 2359, 0.30617785453796387, 
"UCT MCTS (sc:iters=1, ew=0.5)", 2340, 2366, 1002, 24782, 2366, 0.42987823486328125, 
"UCT MCTS (sc:iters=1, ew=0.5)", 2340, 2368, 1002, 24822, 2368, 0.27731847763061523, 
"UCT MCTS (sc:iters=1, ew=0.5)", 2340, 2369, 1003, 24862, 2369, 0.28221607208251953, 
"UCT MCTS (sc:iters=1, ew=0.5)", 2340, 2371, 1005, 24900, 2371, 0.26030755043029785, 
"UCT MCTS (sc:iters=1, ew=0.5)", 2340, 2372, 1005, 24940, 2372, 0.2643239498138428, 
"UCT MCTS (sc:iters=1, ew=0.5)", 2340, 2376, 1006, 24992, 2376, 0.500654935836792, 
"UCT MCTS (sc:iters=1, ew=0.5)", 2340, 2377, 1006, 25032, 2377, 0.31218934059143066, 
"UCT MCTS (sc:iters=1, ew=0.5)", 2340, 2384, 1008, 25086, 2384, 0.4407925605773926, 
"UCT MCTS (sc:iters=1, ew=0.5)", 2340, 2384, 1008, 25126, 2384, 0.2722759246826172, 
"UCT MCTS (sc:iters=1, ew=0.5)", 2340, 2385, 1008, 25164, 2385, 0.25160813331604004, 
"UCT MCTS (sc:iters=1, ew=0.5)", 2340, 2389, 1009, 25216, 2389, 0.4468071460723877, 
"UCT MCTS (sc:iters=1, ew=0.5)", 2340, 2393, 1011, 25270, 2393, 0.4727649688720703, 
"UCT MCTS (sc:iters=1, ew=0.5)", 2340, 2396, 1013, 25324, 2396, 0.36162543296813965, 
"UCT MCTS (sc:iters=1, ew=0.5)", 2340, 2399, 1014, 25374, 2399, 0.3540525436401367, 
"UCT MCTS (sc:iters=1, ew=0.5)", 2340, 2408, 1017, 25426, 2408, 0.4268214702606201, 
"UCT MCTS (sc:iters=1, ew=0.5)", 2340, 2408, 1017, 25480, 2408, 0.3564116954803467, 
"UCT MCTS (sc:iters=1, ew=0.5)", 2340, 2411, 1018, 25518, 2411, 0.2558441162109375, 
"UCT MCTS (sc:iters=1, ew=0.5)", 2340, 2412, 1018, 25556, 2412, 0.2493600845336914, 
"UCT MCTS (sc:iters=1, ew=0.5)", 2340, 2412, 1018, 25594, 2412, 0.24237799644470215, 
"UCT MCTS (sc:iters=1, ew=0.5)", 2340, 2418, 1023, 25648, 2418, 0.44879794120788574, 
"UCT MCTS (sc:iters=1, ew=0.5)", 2340, 2420, 1023, 25686, 2420, 0.28327250480651855, 
"UCT MCTS (sc:iters=1, ew=0.5)", 2340, 2423, 1024, 25742, 2423, 0.37400054931640625, 
"UCT MCTS (sc:iters=1, ew=0.5)", 2340, 2423, 1024, 25794, 2423, 0.34408044815063477, 
"UCT MCTS (sc:iters=1, ew=0.5)", 2340, 2423, 1024, 25834, 2423, 0.27227258682250977, 
"UCT MCTS (sc:iters=1, ew=0.5)", 2340, 2428, 1027, 25888, 2428, 0.44581174850463867, 
"UCT MCTS (sc:iters=1, ew=0.5)", 2340, 2428, 1027, 25926, 2428, 0.25302934646606445, 
"UCT MCTS (sc:iters=1, ew=0.5)", 2340, 2430, 1029, 25966, 2430, 0.3231484889984131, 
"UCT MCTS (sc:iters=1, ew=0.5)", 2340, 2430, 1029, 26020, 2430, 0.4035656452178955, 
"UCT MCTS (sc:iters=1, ew=0.5)", 2340, 2436, 1033, 26074, 2436, 0.4617645740509033, 
"UCT MCTS (sc:iters=1, ew=0.5)", 2340, 2437, 1033, 26114, 2437, 0.3091723918914795, 
"UCT MCTS (sc:iters=1, ew=0.5)", 2340, 2437, 1033, 26154, 2437, 0.2902235984802246, 
"UCT MCTS (sc:iters=1, ew=0.5)", 2340, 2439, 1033, 26194, 2439, 0.3061525821685791, 
"UCT MCTS (sc:iters=1, ew=0.5)", 2340, 2439, 1033, 26234, 2439, 0.24836301803588867, 
"UCT MCTS (sc:iters=1, ew=0.5)", 2340, 2440, 1033, 26274, 2440, 0.2972092628479004, 
"UCT MCTS (sc:iters=1, ew=0.5)", 2340, 2440, 1033, 26312, 2440, 0.22339916229248047, 
"UCT MCTS (sc:iters=1, ew=0.5)", 2340, 2441, 1033, 26364, 2441, 0.39269399642944336, 
"UCT MCTS (sc:iters=1, ew=0.5)", 2340, 2441, 1033, 26402, 2441, 0.26432108879089355, 
"UCT MCTS (sc:iters=1, ew=0.5)", 2340, 2442, 1033, 26442, 2442, 0.2765789031982422, 
"UCT MCTS (sc:iters=1, ew=0.5)", 2340, 2445, 1034, 26482, 2445, 0.313169002532959, 
"UCT MCTS (sc:iters=1, ew=0.5)", 2340, 2450, 1035, 26534, 2450, 0.4318430423736572, 
"UCT MCTS (sc:iters=1, ew=0.5)", 2340, 2452, 1035, 26586, 2452, 0.3257720470428467, 
"UCT MCTS (sc:iters=1, ew=0.5)", 2340, 2453, 1035, 26624, 2453, 0.274261474609375, 
"UCT MCTS (sc:iters=1, ew=0.5)", 2340, 2453, 1035, 26664, 2453, 0.24138331413269043, 
"UCT MCTS (sc:iters=1, ew=0.5)", 2340, 2454, 1035, 26716, 2454, 0.3141603469848633, 
"UCT MCTS (sc:iters=1, ew=0.5)", 2340, 2454, 1035, 26756, 2454, 0.24235248565673828, 
"UCT MCTS (sc:iters=1, ew=0.5)", 2340, 2456, 1035, 26796, 2456, 0.30735158920288086, 
"UCT MCTS (sc:iters=1, ew=0.5)", 2340, 2463, 1039, 26848, 2463, 0.45745348930358887, 
"UCT MCTS (sc:iters=1, ew=0.5)", 2340, 2464, 1039, 26886, 2464, 0.2543206214904785, 
"UCT MCTS (sc:iters=1, ew=0.5)", 2340, 2467, 1040, 26936, 2467, 0.31116557121276855, 
"UCT MCTS (sc:iters=1, ew=0.5)", 2340, 2470, 1042, 26990, 2470, 0.3450748920440674, 
"UCT MCTS (sc:iters=1, ew=0.5)", 2340, 2472, 1043, 27044, 2472, 0.3720052242279053, 
"UCT MCTS (sc:iters=1, ew=0.5)", 2340, 2473, 1043, 27084, 2473, 0.3301103115081787, 
"UCT MCTS (sc:iters=1, ew=0.5)", 2340, 2475, 1043, 27122, 2475, 0.2573111057281494, 
"UCT MCTS (sc:iters=1, ew=0.5)", 2340, 2476, 1044, 27160, 2476, 0.24235010147094727, 
"UCT MCTS (sc:iters=1, ew=0.5)", 2340, 2478, 1044, 27198, 2478, 0.29321718215942383, 
"UCT MCTS (sc:iters=1, ew=0.5)", 2340, 2478, 1044, 27250, 2478, 0.3351471424102783, 
"UCT MCTS (sc:iters=1, ew=0.5)", 2340, 2478, 1044, 27290, 2478, 0.30518388748168945, 
"UCT MCTS (sc:iters=1, ew=0.5)", 2340, 2479, 1044, 27328, 2479, 0.28224635124206543, 
"UCT MCTS (sc:iters=1, ew=0.5)", 2340, 2480, 1044, 27366, 2480, 0.2503657341003418, 
"UCT MCTS (sc:iters=1, ew=0.5)", 2340, 2481, 1044, 27406, 2481, 0.26930713653564453, 
"UCT MCTS (sc:iters=1, ew=0.5)", 2340, 2486, 1046, 27462, 2486, 0.47173619270324707, 
"UCT MCTS (sc:iters=1, ew=0.5)", 2340, 2487, 1046, 27500, 2487, 0.23440146446228027, 
"UCT MCTS (sc:iters=1, ew=0.5)", 2340, 2489, 1048, 27552, 2489, 0.3490588665008545, 
"UCT MCTS (sc:iters=1, ew=0.5)", 2340, 2490, 1049, 27592, 2490, 0.3141899108886719, 
"UCT MCTS (sc:iters=1, ew=0.5)", 2340, 2491, 1049, 27632, 2491, 0.32416296005249023, 
"UCT MCTS (sc:iters=1, ew=0.5)", 2340, 2493, 1049, 27670, 2493, 0.2782886028289795, 
"UCT MCTS (sc:iters=1, ew=0.5)", 2340, 2493, 1049, 27710, 2493, 0.2652628421783447, 
"UCT MCTS (sc:iters=1, ew=0.5)", 2340, 2494, 1049, 27750, 2494, 0.3406381607055664, 
"UCT MCTS (sc:iters=1, ew=0.5)", 2340, 2494, 1049, 27790, 2494, 0.28393054008483887, 
"UCT MCTS (sc:iters=1, ew=0.5)", 2340, 2496, 1050, 27844, 2496, 0.45178937911987305, 
"UCT MCTS (sc:iters=1, ew=0.5)", 2340, 2502, 1055, 27884, 2502, 0.30518269538879395, 
"UCT MCTS (sc:iters=1, ew=0.5)", 2340, 2502, 1055, 27938, 2502, 0.34412240982055664, 
"UCT MCTS (sc:iters=1, ew=0.5)", 2340, 2510, 1058, 27992, 2510, 0.4429030418395996, 
"UCT MCTS (sc:iters=1, ew=0.5)", 2340, 2511, 1059, 28028, 2511, 0.30521106719970703, 
"UCT MCTS (sc:iters=1, ew=0.5)", 2340, 2514, 1061, 28068, 2514, 0.280120849609375, 
"UCT MCTS (sc:iters=1, ew=0.5)", 2340, 2517, 1061, 28108, 2517, 0.2612607479095459, 
"UCT MCTS (sc:iters=1, ew=0.5)", 2340, 2519, 1062, 28148, 2519, 0.2676677703857422, 
"UCT MCTS (sc:iters=1, ew=0.5)", 2340, 2522, 1062, 28186, 2522, 0.2533226013183594, 
"UCT MCTS (sc:iters=1, ew=0.5)", 2340, 2523, 1063, 28226, 2523, 0.3121645450592041, 
"UCT MCTS (sc:iters=1, ew=0.5)", 2340, 2524, 1064, 28280, 2524, 0.43593430519104004, 
"UCT MCTS (sc:iters=1, ew=0.5)", 2340, 2529, 1064, 28320, 2529, 0.2333676815032959, 
"UCT MCTS (sc:iters=1, ew=0.5)", 2340, 2535, 1064, 28374, 2535, 0.4976685047149658, 
"UCT MCTS (sc:iters=1, ew=0.5)", 2340, 2536, 1064, 28414, 2536, 0.2702767848968506, 
"UCT MCTS (sc:iters=1, ew=0.5)", 2340, 2539, 1065, 28452, 2539, 0.23682475090026855, 
"UCT MCTS (sc:iters=1, ew=0.5)", 2340, 2541, 1065, 28490, 2541, 0.2373979091644287, 
"UCT MCTS (sc:iters=1, ew=0.5)", 2340, 2542, 1065, 28528, 2542, 0.2643313407897949, 
"UCT MCTS (sc:iters=1, ew=0.5)", 2340, 2544, 1066, 28568, 2544, 0.3370952606201172, 
"UCT MCTS (sc:iters=1, ew=0.5)", 2340, 2549, 1068, 28608, 2549, 0.3005044460296631, 
"UCT MCTS (sc:iters=1, ew=0.5)", 2340, 2549, 1068, 28646, 2549, 0.24238109588623047, 
"UCT MCTS (sc:iters=1, ew=0.5)", 2340, 2550, 1068, 28684, 2550, 0.3440518379211426, 
"UCT MCTS (sc:iters=1, ew=0.5)", 2340, 2550, 1068, 28724, 2550, 0.31578946113586426, 
"UCT MCTS (sc:iters=1, ew=0.5)", 2340, 2550, 1068, 28764, 2550, 0.3097658157348633, 
"UCT MCTS (sc:iters=1, ew=0.5)", 2340, 2551, 1068, 28802, 2551, 0.26927757263183594, 
"UCT MCTS (sc:iters=1, ew=0.5)", 2340, 2552, 1068, 28842, 2552, 0.2832458019256592, 
"UCT MCTS (sc:iters=1, ew=0.5)", 2340, 2554, 1070, 28896, 2554, 0.38499975204467773, 
"UCT MCTS (sc:iters=1, ew=0.5)", 2340, 2556, 1071, 28934, 2556, 0.2493600845336914, 
"UCT MCTS (sc:iters=1, ew=0.5)", 2340, 2558, 1072, 28980, 2558, 0.33208417892456055, 
"UCT MCTS (sc:iters=1, ew=0.5)", 2340, 2560, 1073, 29020, 2560, 0.33310866355895996, 
"UCT MCTS (sc:iters=1, ew=0.5)", 2340, 2562, 1074, 29058, 2562, 0.22841835021972656, 
"UCT MCTS (sc:iters=1, ew=0.5)", 2340, 2563, 1074, 29098, 2563, 0.3051888942718506, 
"UCT MCTS (sc:iters=1, ew=0.5)", 2340, 2565, 1074, 29138, 2565, 0.31550168991088867, 
"UCT MCTS (sc:iters=1, ew=0.5)", 2340, 2567, 1075, 29190, 2567, 0.37004637718200684, 
"UCT MCTS (sc:iters=1, ew=0.5)", 2340, 2574, 1080, 29242, 2574, 0.44081592559814453, 
"UCT MCTS (sc:iters=1, ew=0.5)", 2340, 2574, 1080, 29280, 2574, 0.24935555458068848, 
"UCT MCTS (sc:iters=1, ew=0.5)", 2340, 2575, 1081, 29320, 2575, 0.3001978397369385, 
"UCT MCTS (sc:iters=1, ew=0.5)", 2340, 2576, 1081, 29358, 2576, 0.24930071830749512, 
"UCT MCTS (sc:iters=1, ew=0.5)", 2340, 2577, 1081, 29396, 2577, 0.2732689380645752, 
"UCT MCTS (sc:iters=1, ew=0.5)", 2340, 2578, 1082, 29434, 2578, 0.24943304061889648, 
"UCT MCTS (sc:iters=1, ew=0.5)", 2340, 2579, 1082, 29490, 2579, 0.47793149948120117, 
"UCT MCTS (sc:iters=1, ew=0.5)", 2340, 2582, 1085, 29542, 2582, 0.4388260841369629, 
"UCT MCTS (sc:iters=1, ew=0.5)", 2340, 2584, 1086, 29594, 2584, 0.3251967430114746, 
"UCT MCTS (sc:iters=1, ew=0.5)", 2340, 2585, 1086, 29648, 2585, 0.39098238945007324, 
"UCT MCTS (sc:iters=1, ew=0.5)", 2340, 2585, 1086, 29688, 2585, 0.30524325370788574, 
"UCT MCTS (sc:iters=1, ew=0.5)", 2340, 2596, 1092, 29742, 2596, 0.453794002532959, 
"UCT MCTS (sc:iters=1, ew=0.5)", 2340, 2597, 1092, 29782, 2597, 0.2872328758239746, 
"UCT MCTS (sc:iters=1, ew=0.5)", 2340, 2600, 1094, 29836, 2600, 0.41788530349731445, 
"UCT MCTS (sc:iters=1, ew=0.5)", 2340, 2601, 1094, 29874, 2601, 0.2612731456756592, 
"UCT MCTS (sc:iters=1, ew=0.5)", 2340, 2604, 1094, 29912, 2604, 0.28623390197753906, 
"UCT MCTS (sc:iters=1, ew=0.5)", 2340, 2606, 1095, 29952, 2606, 0.24850106239318848, 
"UCT MCTS (sc:iters=1, ew=0.5)", 2340, 2608, 1095, 29992, 2608, 0.26628756523132324, 
"UCT MCTS (sc:iters=1, ew=0.5)", 2340, 2610, 1095, 30032, 2610, 0.31418776512145996, 
"UCT MCTS (sc:iters=1, ew=0.5)", 2340, 2611, 1095, 30070, 2611, 0.26925134658813477, 
"UCT MCTS (sc:iters=1, ew=0.5)", 2340, 2612, 1095, 30124, 2612, 0.37699103355407715, 
"UCT MCTS (sc:iters=1, ew=0.5)", 2340, 2612, 1095, 30164, 2612, 0.23939275741577148, 
"UCT MCTS (sc:iters=1, ew=0.5)", 2340, 2614, 1095, 30202, 2614, 0.3121929168701172, 
"UCT MCTS (sc:iters=1, ew=0.5)", 2340, 2614, 1095, 30240, 2614, 0.26447367668151855, 
"UCT MCTS (sc:iters=1, ew=0.5)", 2340, 2614, 1095, 30292, 2614, 0.4393885135650635, 
"UCT MCTS (sc:iters=1, ew=0.5)", 2340, 2616, 1095, 30330, 2616, 0.30127859115600586, 
"UCT MCTS (sc:iters=1, ew=0.5)", 2340, 2618, 1096, 30382, 2618, 0.359039306640625, 
"UCT MCTS (sc:iters=1, ew=0.5)", 2340, 2619, 1096, 30420, 2619, 0.26574254035949707, 
"UCT MCTS (sc:iters=1, ew=0.5)", 2340, 2619, 1096, 30460, 2619, 0.28520894050598145, 
"UCT MCTS (sc:iters=1, ew=0.5)", 2340, 2624, 1097, 30516, 2624, 0.5051329135894775, 
"UCT MCTS (sc:iters=1, ew=0.5)", 2340, 2625, 1098, 30554, 2625, 0.23636484146118164, 
"UCT MCTS (sc:iters=1, ew=0.5)", 2340, 2627, 1098, 30592, 2627, 0.268937349319458, 
"UCT MCTS (sc:iters=1, ew=0.5)", 2340, 2635, 1099, 30644, 2635, 0.4577748775482178, 
"UCT MCTS (sc:iters=1, ew=0.5)", 2340, 2635, 1099, 30684, 2635, 0.3251311779022217, 
"UCT MCTS (sc:iters=1, ew=0.5)", 2340, 2638, 1100, 30724, 2638, 0.24135470390319824, 
"UCT MCTS (sc:iters=1, ew=0.5)", 2340, 2641, 1101, 30778, 2641, 0.4168567657470703, 
"UCT MCTS (sc:iters=1, ew=0.5)", 2340, 2642, 1102, 30814, 2642, 0.26625800132751465, 
"UCT MCTS (sc:iters=1, ew=0.5)", 2340, 2643, 1102, 30854, 2643, 0.3171508312225342, 
"UCT MCTS (sc:iters=1, ew=0.5)", 2340, 2644, 1103, 30892, 2644, 0.23038363456726074, 
"UCT MCTS (sc:iters=1, ew=0.5)", 2340, 2646, 1103, 30948, 2646, 0.47569918632507324, 
"UCT MCTS (sc:iters=1, ew=0.5)", 2340, 2651, 1104, 30996, 2651, 0.4371659755706787, 
"UCT MCTS (sc:iters=1, ew=0.5)", 2340, 2654, 1104, 31050, 2654, 0.4273102283477783, 
"UCT MCTS (sc:iters=1, ew=0.5)", 2340, 2655, 1104, 31088, 2655, 0.26326584815979004, 
"UCT MCTS (sc:iters=1, ew=0.5)", 2340, 2659, 1105, 31144, 2659, 0.45976996421813965, 
"UCT MCTS (sc:iters=1, ew=0.5)", 2340, 2659, 1105, 31194, 2659, 0.28861331939697266, 
"UCT MCTS (sc:iters=1, ew=0.5)", 2340, 2660, 1105, 31248, 2660, 0.36103367805480957, 
"UCT MCTS (sc:iters=1, ew=0.5)", 2340, 2661, 1105, 31286, 2661, 0.2659440040588379, 
"UCT MCTS (sc:iters=1, ew=0.5)", 2340, 2661, 1105, 31338, 2661, 0.3542041778564453, 
"UCT MCTS (sc:iters=1, ew=0.5)", 2340, 2661, 1105, 31378, 2661, 0.2673513889312744, 
"UCT MCTS (sc:iters=1, ew=0.5)", 2340, 2663, 1105, 31418, 2663, 0.35242605209350586, 
"UCT MCTS (sc:iters=1, ew=0.5)", 2340, 2663, 1105, 31458, 2663, 0.2542896270751953, 
"UCT MCTS (sc:iters=1, ew=0.5)", 2340, 2671, 1107, 31514, 2671, 0.505138635635376, 
"UCT MCTS (sc:iters=1, ew=0.5)", 2340, 2671, 1107, 31554, 2671, 0.23480653762817383, 
"UCT MCTS (sc:iters=1, ew=0.5)", 2340, 2672, 1108, 31592, 2672, 0.22939133644104004, 
"UCT MCTS (sc:iters=1, ew=0.5)", 2340, 2674, 1108, 31644, 2674, 0.4208986759185791, 
"UCT MCTS (sc:iters=1, ew=0.5)", 2340, 2674, 1108, 31682, 2674, 0.2822449207305908, 
"UCT MCTS (sc:iters=1, ew=0.5)", 2340, 2674, 1108, 31722, 2674, 0.23935985565185547, 
"UCT MCTS (sc:iters=1, ew=0.5)", 2340, 2678, 1108, 31762, 2678, 0.34520816802978516, 
"UCT MCTS (sc:iters=1, ew=0.5)", 2340, 2678, 1108, 31802, 2678, 0.332108736038208, 
"UCT MCTS (sc:iters=1, ew=0.5)", 2340, 2679, 1108, 31842, 2679, 0.2503039836883545, 
"UCT MCTS (sc:iters=1, ew=0.5)", 2340, 2683, 1109, 31882, 2683, 0.31618809700012207, 
"UCT MCTS (sc:iters=1, ew=0.5)", 2340, 2683, 1109, 31922, 2683, 0.26429319381713867, 
"UCT MCTS (sc:iters=1, ew=0.5)", 2340, 2689, 1109, 31976, 2689, 0.35012030601501465, 
"UCT MCTS (sc:iters=1, ew=0.5)", 2340, 2693, 1110, 32028, 2693, 0.4897639751434326, 
"UCT MCTS (sc:iters=1, ew=0.5)", 2340, 2694, 1110, 32082, 2694, 0.3507344722747803, 
"UCT MCTS (sc:iters=1, ew=0.5)", 2340, 2695, 1111, 32134, 2695, 0.3371710777282715, 
"UCT MCTS (sc:iters=1, ew=0.5)", 2340, 2696, 1112, 32186, 2696, 0.35507774353027344, 
"UCT MCTS (sc:iters=1, ew=0.5)", 2340, 2697, 1112, 32224, 2697, 0.25235772132873535, 
"UCT MCTS (sc:iters=1, ew=0.5)", 2340, 2702, 1114, 32278, 2702, 0.4667520523071289, 
"UCT MCTS (sc:iters=1, ew=0.5)", 2340, 2703, 1114, 32318, 2703, 0.2832157611846924, 
"UCT MCTS (sc:iters=1, ew=0.5)", 2340, 2708, 1114, 32356, 2708, 0.2772853374481201, 
"UCT MCTS (sc:iters=1, ew=0.5)", 2340, 2716, 1116, 32412, 2716, 0.49675846099853516, 
"UCT MCTS (sc:iters=1, ew=0.5)", 2340, 2716, 1116, 32452, 2716, 0.27526426315307617, 
